timestamp,phase_A_voltage,phase_B_voltage,phase_C_voltage,line_current,frequency,power_factor,thd_percent
0.000000,0.000000,-281.692083,281.692083,14.4464,50.030692,0.9503,2.0495
0.000200,20.423872,-291.348164,270.924292,14.1739,50.035351,0.9581,2.1606
0.000400,40.767141,-299.854427,259.087286,15.0107,50.020252,0.9504,2.0394
0.000600,60.949520,-307.177302,246.227782,15.0899,50.001274,0.9524,2.1170
0.000800,80.891360,-313.287888,232.396529,14.0130,50.010581,0.9571,2.1457
0.001000,100.513958,-318.162070,217.648112,14.3110,50.038679,0.9584,2.0612
0.001200,119.739873,-321.780612,202.040738,14.1934,50.045946,0.9540,2.0167
0.001400,138.493230,-324.129232,185.636002,15.4595,50.040680,0.9572,2.1453
0.001600,156.700018,-325.198663,168.498645,15.1041,50.025739,0.9617,2.0681
0.001800,174.288382,-324.984683,150.696301,15.1547,50.039811,0.9574,2.1551
0.002000,191.188909,-323.488137,132.299228,14.5788,50.033819,0.9505,2.0410
0.002200,207.334901,-320.714931,113.380030,14.5559,50.003830,0.9528,2.0182
0.002400,222.662637,-316.676010,94.013373,14.4190,50.030513,0.9544,2.0666
0.002600,237.111625,-311.387313,74.275688,15.2183,50.012815,0.9612,2.1166
0.002800,250.624842,-304.869713,54.244870,14.7589,50.008215,0.9587,2.0294
0.003000,263.148958,-297.148931,33.999973,15.3692,50.047497,0.9577,2.1003
0.003200,274.634544,-288.255438,13.620894,14.0642,50.040457,0.9593,2.0412
0.003400,285.036274,-278.224333,-6.811941,15.8858,50.015142,0.9532,2.0380
0.003600,294.313095,-267.095203,-27.217892,14.7913,50.042066,0.9538,2.1180
0.003800,302.428398,-254.911971,-47.516427,14.4933,50.043898,0.9555,2.0477
0.004000,309.350153,-241.722717,-67.627436,15.7956,50.026946,0.9532,2.1052
0.004200,315.051045,-227.579495,-87.471550,15.0191,50.019171,0.9526,2.1796
0.004400,319.508574,-212.538120,-106.970454,15.2549,50.004364,0.9506,2.0197
0.004600,322.705149,-196.657954,-126.047195,14.7632,50.038020,0.9551,2.0114
0.004800,324.628154,-180.001669,-144.626485,15.7216,50.047814,0.9563,2.1748
0.005000,325.000000,-162.635000,-162.635000,15.0739,50.000551,0.9586,2.1227
0.005200,325.000000,-144.626485,-180.001669,14.8695,50.012808,0.9577,2.0201
0.005400,325.000000,-126.047195,-196.657954,14.5268,50.021779,0.9614,2.1577
0.005600,319.508574,-106.970454,-212.538120,15.7410,50.024028,0.9521,2.1643
0.005800,315.051045,-87.471550,-227.579495,14.3057,50.014325,0.9577,2.1096
0.006000,309.350153,-67.627436,-241.722717,15.0607,50.036601,0.9565,2.1402
0.006200,302.428398,-47.516427,-254.911971,15.8582,50.000027,0.9539,2.0035
0.006400,294.313095,-27.217892,-267.095203,14.1159,50.042179,0.9600,2.0554
0.006600,285.036274,-6.811941,-278.224333,14.9720,50.042144,0.9614,2.0154
0.006800,274.634544,13.620894,-288.255438,14.2568,50.003322,0.9591,2.1379
0.007000,263.148958,33.999973,-297.148931,15.7449,50.022814,0.9566,2.0477
0.007200,250.624842,54.244870,-304.869713,15.4599,50.020311,0.9525,2.0971
0.007400,237.111625,74.275688,-311.387313,15.2998,50.009655,0.9537,2.1791
0.007600,222.662637,94.013373,-316.676010,14.4494,50.021029,0.9562,2.0218
0.007800,207.334901,113.380030,-320.714931,14.4404,50.016228,0.9571,2.0414
0.008000,191.188909,132.299228,-323.488137,15.8108,50.003408,0.9576,2.0412
0.008200,174.288382,150.696301,-324.984683,15.3380,50.041262,0.9509,2.0428
0.008400,156.700018,168.498645,-325.198663,15.1421,50.010283,0.9516,2.1684
0.008600,138.493230,185.636002,-324.129232,14.3808,50.022688,0.9594,2.1453
0.008800,119.739873,202.040738,-321.780612,14.9340,50.004653,0.9552,2.0762
0.009000,100.513958,217.648112,-318.162070,14.1968,50.034996,0.9581,2.1771
0.009200,80.891360,232.396529,-313.287888,14.4973,50.019326,0.9541,2.1551
0.009400,60.949520,246.227782,-307.177302,14.5571,50.009130,0.9554,2.0759
0.009600,40.767141,259.087286,-299.854427,15.7227,50.011991,0.9611,2.0798
0.009800,20.423872,270.924292,-291.348164,15.6721,50.026416,0.9506,2.1799
0.010000,0.000000,281.692083,-281.692083,14.3326,50.046512,0.9611,2.1528
0.010200,-20.423872,291.348164,-270.924292,14.1173,50.023311,0.9526,2.0722
0.010400,-40.767141,299.854427,-259.087286,15.5681,50.018191,0.9618,2.0477
0.010600,-60.949520,307.177302,-246.227782,15.9908,50.021840,0.9551,2.1723
0.010800,-80.891360,313.287888,-232.396529,14.5934,50.026677,0.9586,2.0279
0.011000,-100.513958,318.162070,-217.648112,15.4960,50.046498,0.9570,2.0976
0.011200,-119.739873,321.780612,-202.040738,15.7054,50.002744,0.9570,2.0905
0.011400,-138.493230,324.129232,-185.636002,14.3716,50.007557,0.9615,2.0144
0.011600,-156.700018,325.198663,-168.498645,14.2398,50.028562,0.9581,2.0423
0.011800,-174.288382,324.984683,-150.696301,15.2388,50.042734,0.9530,2.1070
0.012000,-191.188909,323.488137,-132.299228,15.8694,50.020123,0.9570,2.0941
0.012200,-207.334901,320.714931,-113.380030,14.7916,50.009804,0.9586,2.0430
0.012400,-222.662637,316.676010,-94.013373,15.5037,50.032241,0.9536,2.0569
0.012600,-237.111625,311.387313,-74.275688,15.9922,50.003482,0.9555,2.1797
0.012800,-250.624842,304.869713,-54.244870,15.8665,50.003517,0.9526,2.0477
0.013000,-263.148958,297.148931,-33.999973,14.3155,50.042281,0.9606,2.0665
0.013200,-274.634544,288.255438,-13.620894,15.9745,50.040020,0.9584,2.1101
0.013400,-285.036274,278.224333,6.811941,14.5988,50.031391,0.9501,2.1471
0.013600,-294.313095,267.095203,27.217892,14.2309,50.031843,0.9613,2.0242
0.013800,-302.428398,254.911971,47.516427,15.2097,50.005138,0.9566,2.0490
0.014000,-309.350153,241.722717,67.627436,14.5280,50.034445,0.9524,2.1142
0.014200,-315.051045,227.579495,87.471550,14.1846,50.023450,0.9609,2.1523
0.014400,-319.508574,212.538120,106.970454,15.5422,50.020332,0.9533,2.0006
0.014600,-322.705149,196.657954,126.047195,15.1034,50.030581,0.9531,2.1334
0.014800,-324.628154,180.001669,144.626485,15.7662,50.020529,0.9501,2.0135
0.015000,-325.270000,162.635000,162.635000,15.1650,50.043389,0.9565,2.1502
0.015200,-324.628154,144.626485,180.001669,15.7980,50.007109,0.9515,2.0555
0.015400,-322.705149,126.047195,196.657954,14.4202,50.038214,0.9603,2.1618
0.015600,-319.508574,106.970454,212.538120,15.7683,50.011977,0.9512,2.1404
0.015800,-315.051045,87.471550,227.579495,15.8598,50.019506,0.9574,2.0278
0.016000,-309.350153,67.627436,241.722717,15.7628,50.041501,0.9617,2.1459
0.016200,-302.428398,47.516427,254.911971,15.8616,50.001190,0.9588,2.0598
0.016400,-294.313095,27.217892,267.095203,14.5336,50.038507,0.9604,2.1459
0.016600,-285.036274,6.811941,278.224333,15.7172,50.037794,0.9513,2.1570
0.016800,-274.634544,-13.620894,288.255438,14.6104,50.010677,0.9598,2.0829
0.017000,-263.148958,-33.999973,297.148931,14.3863,50.038177,0.9527,2.0043
0.017200,-250.624842,-54.244870,304.869713,14.5582,50.015757,0.9604,2.1740
0.017400,-237.111625,-74.275688,311.387313,15.0724,50.030791,0.9548,2.1766
0.017600,-222.662637,-94.013373,316.676010,14.3571,50.045083,0.9514,2.1747
0.017800,-207.334901,-113.380030,320.714931,14.8691,50.046202,0.9532,2.0195
0.018000,-191.188909,-132.299228,323.488137,15.0228,50.034970,0.9538,2.1091
0.018200,-174.288382,-150.696301,324.984683,15.4176,50.018489,0.9569,2.0459
0.018400,-156.700018,-168.498645,325.198663,15.4389,50.000081,0.9611,2.0969
0.018600,-138.493230,-185.636002,324.129232,14.1399,50.035614,0.9580,2.0656
0.018800,-119.739873,-202.040738,321.780612,15.6960,50.031883,0.9540,2.0565
0.019000,-100.513958,-217.648112,318.162070,14.8168,50.034548,0.9536,2.0557
0.019200,-80.891360,-232.396529,313.287888,14.8409,50.019315,0.9535,2.0229
0.019400,-60.949520,-246.227782,307.177302,15.2310,50.045137,0.9581,2.1625
0.019600,-40.767141,-259.087286,299.854427,14.5738,50.014446,0.9566,2.0001
0.019800,-20.423872,-270.924292,291.348164,14.9300,50.020635,0.9570,2.1178
0.020000,-0.000000,-281.692083,281.692083,15.8024,50.021224,0.9526,2.0852
0.020200,20.423872,-291.348164,270.924292,15.0309,50.038209,0.9520,2.0153
0.020400,40.767141,-299.854427,259.087286,15.5023,50.030381,0.9540,2.1473
0.020600,60.949520,-307.177302,246.227782,14.0489,50.032294,0.9527,2.0358
0.020800,80.891360,-313.287888,232.396529,14.1457,50.011752,0.9557,2.1530
0.021000,100.513958,-318.162070,217.648112,15.3927,50.019893,0.9576,2.0350
0.021200,119.739873,-321.780612,202.040738,14.0111,50.023730,0.9529,2.1181
0.021400,138.493230,-324.129232,185.636002,14.8503,50.036046,0.9592,2.0192
0.021600,156.700018,-325.198663,168.498645,14.1004,50.008443,0.9615,2.0932
0.021800,174.288382,-324.984683,150.696301,15.6028,50.011962,0.9602,2.0822
0.022000,191.188909,-323.488137,132.299228,15.9001,50.032044,0.9619,2.1072
0.022200,207.334901,-320.714931,113.380030,15.0096,50.042788,0.9574,2.1295
0.022400,222.662637,-316.676010,94.013373,15.4873,50.039867,0.9566,2.1615
0.022600,237.111625,-311.387313,74.275688,15.2753,50.022784,0.9531,2.0445
0.022800,250.624842,-304.869713,54.244870,14.5492,50.036759,0.9563,2.1128
0.023000,263.148958,-297.148931,33.999973,14.6394,50.003719,0.9534,2.0489
0.023200,274.634544,-288.255438,13.620894,15.3879,50.025927,0.9517,2.0416
0.023400,285.036274,-278.224333,-6.811941,15.0852,50.033908,0.9508,2.0734
0.023600,294.313095,-267.095203,-27.217892,15.8097,50.019957,0.9525,2.0756
0.023800,302.428398,-254.911971,-47.516427,15.5312,50.028036,0.9583,2.1542
0.024000,309.350153,-241.722717,-67.627436,15.5070,50.018258,0.9501,2.0633
0.024200,315.051045,-227.579495,-87.471550,15.4950,50.040966,0.9614,2.0754
0.024400,319.508574,-212.538120,-106.970454,14.4388,50.026214,0.9572,2.0397
0.024600,322.705149,-196.657954,-126.047195,15.3583,50.020920,0.9503,2.0605
0.024800,324.628154,-180.001669,-144.626485,14.2553,50.019407,0.9520,2.0841
0.025000,325.000000,-162.635000,-162.635000,15.1288,50.029868,0.9503,2.0709
0.025200,325.000000,-144.626485,-180.001669,14.9234,50.001301,0.9577,2.0244
0.025400,325.000000,-126.047195,-196.657954,14.6537,50.002414,0.9545,2.0381
0.025600,319.508574,-106.970454,-212.538120,15.6638,50.036539,0.9545,2.1354
0.025800,315.051045,-87.471550,-227.579495,15.0788,50.012109,0.9510,2.0035
0.026000,309.350153,-67.627436,-241.722717,15.5625,50.047996,0.9542,2.1170
0.026200,302.428398,-47.516427,-254.911971,14.3987,50.031284,0.9591,2.1709
0.026400,294.313095,-27.217892,-267.095203,15.3389,50.000978,0.9518,2.0227
0.026600,285.036274,-6.811941,-278.224333,15.5338,50.027071,0.9526,2.1259
0.026800,274.634544,13.620894,-288.255438,14.2291,50.008054,0.9573,2.1346
0.027000,263.148958,33.999973,-297.148931,14.0514,50.039326,0.9616,2.0195
0.027200,250.624842,54.244870,-304.869713,14.7933,50.014974,0.9581,2.1725
0.027400,237.111625,74.275688,-311.387313,15.2545,50.034321,0.9509,2.1243
0.027600,222.662637,94.013373,-316.676010,15.2008,50.004891,0.9593,2.1531
0.027800,207.334901,113.380030,-320.714931,14.6944,50.005811,0.9618,2.1409
0.028000,191.188909,132.299228,-323.488137,14.6825,50.020562,0.9544,2.0911
0.028200,174.288382,150.696301,-324.984683,15.9216,50.040780,0.9599,2.0190
0.028400,156.700018,168.498645,-325.198663,14.8710,50.030508,0.9599,2.1273
0.028600,138.493230,185.636002,-324.129232,15.6164,50.035222,0.9616,2.0486
0.028800,119.739873,202.040738,-321.780612,15.4621,50.025832,0.9558,2.0784
0.029000,100.513958,217.648112,-318.162070,14.1733,50.012883,0.9602,2.1495
0.029200,80.891360,232.396529,-313.287888,15.2207,50.042318,0.9529,2.0836
0.029400,60.949520,246.227782,-307.177302,14.3637,50.018191,0.9503,2.1532
0.029600,40.767141,259.087286,-299.854427,15.7606,50.010182,0.9596,2.0613
0.029800,20.423872,270.924292,-291.348164,15.8961,50.033657,0.9533,2.0018
0.030000,0.000000,281.692083,-281.692083,15.5163,50.004109,0.9586,2.0879
0.030200,-20.423872,291.348164,-270.924292,15.5859,50.033149,0.9578,2.0883
0.030400,-40.767141,299.854427,-259.087286,14.6124,50.004467,0.9527,2.1245
0.030600,-60.949520,307.177302,-246.227782,14.8510,50.027915,0.9557,2.0956
0.030800,-80.891360,313.287888,-232.396529,14.5418,50.035805,0.9540,2.1265
0.031000,-100.513958,318.162070,-217.648112,14.2391,50.012067,0.9514,2.0347
0.031200,-119.739873,321.780612,-202.040738,14.4328,50.025721,0.9591,2.0333
0.031400,-138.493230,324.129232,-185.636002,15.0493,50.023242,0.9587,2.1758
0.031600,-156.700018,325.198663,-168.498645,14.4550,50.013584,0.9512,2.0349
0.031800,-174.288382,324.984683,-150.696301,14.5486,50.008613,0.9502,2.0961
0.032000,-191.188909,323.488137,-132.299228,14.2526,50.046766,0.9566,2.1255
0.032200,-207.334901,320.714931,-113.380030,15.1481,50.041686,0.9559,2.1571
0.032400,-222.662637,316.676010,-94.013373,14.1028,50.022531,0.9553,2.0332
0.032600,-237.111625,311.387313,-74.275688,14.8014,50.045171,0.9557,2.1480
0.032800,-250.624842,304.869713,-54.244870,14.2984,50.003556,0.9576,2.0096
0.033000,-263.148958,297.148931,-33.999973,14.2369,50.027016,0.9536,2.1789
0.033200,-274.634544,288.255438,-13.620894,14.4514,50.036693,0.9573,2.1423
0.033400,-285.036274,278.224333,6.811941,15.7203,50.025083,0.9554,2.0797
0.033600,-294.313095,267.095203,27.217892,15.2193,50.047522,0.9537,2.1118
0.033800,-302.428398,254.911971,47.516427,14.4221,50.035524,0.9614,2.0374
0.034000,-309.350153,241.722717,67.627436,14.1501,50.031701,0.9519,2.0313
0.034200,-315.051045,227.579495,87.471550,14.5825,50.000128,0.9554,2.1069
0.034400,-319.508574,212.538120,106.970454,14.9081,50.011111,0.9585,2.1265
0.034600,-322.705149,196.657954,126.047195,15.2501,50.032994,0.9611,2.1418
0.034800,-324.628154,180.001669,144.626485,15.0891,50.031737,0.9612,2.0765
0.035000,-325.270000,162.635000,162.635000,14.1428,50.031086,0.9609,2.1488
0.035200,-324.628154,144.626485,180.001669,15.1384,50.007964,0.9537,2.1348
0.035400,-322.705149,126.047195,196.657954,15.3995,50.013853,0.9515,2.1240
0.035600,-319.508574,106.970454,212.538120,14.1609,50.045248,0.9560,2.0889
0.035800,-315.051045,87.471550,227.579495,14.5007,50.001913,0.9552,2.0580
0.036000,-309.350153,67.627436,241.722717,15.1504,50.004384,0.9615,2.1505
0.036200,-302.428398,47.516427,254.911971,14.5390,50.045638,0.9620,2.1210
0.036400,-294.313095,27.217892,267.095203,15.3030,50.001931,0.9591,2.0847
0.036600,-285.036274,6.811941,278.224333,15.2696,50.043971,0.9522,2.1054
0.036800,-274.634544,-13.620894,288.255438,14.6666,50.023603,0.9511,2.0626
0.037000,-263.148958,-33.999973,297.148931,15.3873,50.032166,0.9603,2.0594
0.037200,-250.624842,-54.244870,304.869713,15.1002,50.013834,0.9613,2.1464
0.037400,-237.111625,-74.275688,311.387313,15.9404,50.021832,0.9538,2.0582
0.037600,-222.662637,-94.013373,316.676010,15.3153,50.019400,0.9562,2.1779
0.037800,-207.334901,-113.380030,320.714931,14.7236,50.026044,0.9550,2.0338
0.038000,-191.188909,-132.299228,323.488137,14.4071,50.036309,0.9575,2.1368
0.038200,-174.288382,-150.696301,324.984683,15.3965,50.026363,0.9611,2.0789
0.038400,-156.700018,-168.498645,325.198663,14.4786,50.005828,0.9617,2.1096
0.038600,-138.493230,-185.636002,324.129232,14.1864,50.007602,0.9566,2.0994
0.038800,-119.739873,-202.040738,321.780612,14.2349,50.047628,0.9610,2.0831
0.039000,-100.513958,-217.648112,318.162070,15.0177,50.039943,0.9560,2.1290
0.039200,-80.891360,-232.396529,313.287888,14.4875,50.013124,0.9600,2.1764
0.039400,-60.949520,-246.227782,307.177302,15.0165,50.026461,0.9546,2.1659
0.039600,-40.767141,-259.087286,299.854427,15.5800,50.042208,0.9604,2.0497
0.039800,-20.423872,-270.924292,291.348164,15.6411,50.019917,0.9612,2.0914
0.040000,-0.000000,-281.692083,281.692083,15.9978,50.013576,0.9536,2.1056
0.040200,20.423872,-291.348164,270.924292,14.6902,50.023503,0.9518,2.0969
0.040400,40.767141,-299.854427,259.087286,14.6436,50.026492,0.9565,2.0820
0.040600,60.949520,-307.177302,246.227782,14.4671,50.009055,0.9584,2.1029
0.040800,80.891360,-313.287888,232.396529,15.4105,50.037226,0.9505,2.1340
0.041000,100.513958,-318.162070,217.648112,15.6415,50.038948,0.9546,2.1195
0.041200,119.739873,-321.780612,202.040738,15.0046,50.047079,0.9559,2.0067
0.041400,138.493230,-324.129232,185.636002,14.8806,50.028329,0.9604,2.1574
0.041600,156.700018,-325.198663,168.498645,14.8200,50.025246,0.9555,2.1300
0.041800,174.288382,-324.984683,150.696301,15.9384,50.031430,0.9519,2.0845
0.042000,191.188909,-323.488137,132.299228,15.7035,50.016251,0.9583,2.1170
0.042200,207.334901,-320.714931,113.380030,14.6333,50.040912,0.9603,2.0684
0.042400,222.662637,-316.676010,94.013373,14.0718,50.034498,0.9591,2.1570
0.042600,237.111625,-311.387313,74.275688,15.9949,50.003284,0.9576,2.1658
0.042800,250.624842,-304.869713,54.244870,15.2675,50.035845,0.9552,2.0177
0.043000,263.148958,-297.148931,33.999973,15.8068,50.041884,0.9553,2.1249
0.043200,274.634544,-288.255438,13.620894,14.7497,50.002208,0.9596,2.0528
0.043400,285.036274,-278.224333,-6.811941,15.5850,50.006987,0.9564,2.1019
0.043600,294.313095,-267.095203,-27.217892,15.2394,50.008159,0.9509,2.1568
0.043800,302.428398,-254.911971,-47.516427,14.9223,50.011560,0.9610,2.0258
0.044000,309.350153,-241.722717,-67.627436,15.6093,50.012191,0.9531,2.0017
0.044200,315.051045,-227.579495,-87.471550,14.8835,50.043258,0.9581,2.0284
0.044400,319.508574,-212.538120,-106.970454,14.8486,50.016587,0.9571,2.1150
0.044600,322.705149,-196.657954,-126.047195,14.7694,50.012005,0.9601,2.0359
0.044800,324.628154,-180.001669,-144.626485,15.1496,50.023194,0.9528,2.1029
0.045000,325.000000,-162.635000,-162.635000,15.3165,50.047649,0.9535,2.1760
0.045200,325.000000,-144.626485,-180.001669,15.4893,50.013175,0.9568,2.1234
0.045400,325.000000,-126.047195,-196.657954,15.8083,50.002354,0.9573,2.0894
0.045600,319.508574,-106.970454,-212.538120,14.7046,50.013737,0.9596,2.1093
0.045800,315.051045,-87.471550,-227.579495,15.4419,50.030558,0.9575,2.1220
0.046000,309.350153,-67.627436,-241.722717,15.8068,50.031641,0.9601,2.1131
0.046200,302.428398,-47.516427,-254.911971,15.1591,50.031024,0.9537,2.0793
0.046400,294.313095,-27.217892,-267.095203,15.4950,50.035153,0.9511,2.0531
0.046600,285.036274,-6.811941,-278.224333,15.9430,50.008431,0.9516,2.0971
0.046800,274.634544,13.620894,-288.255438,14.5139,50.025481,0.9610,2.1495
0.047000,263.148958,33.999973,-297.148931,15.4931,50.039585,0.9558,2.1452
0.047200,250.624842,54.244870,-304.869713,14.2815,50.016258,0.9514,2.1733
0.047400,237.111625,74.275688,-311.387313,15.9599,50.046392,0.9603,2.1304
0.047600,222.662637,94.013373,-316.676010,15.5814,50.046429,0.9597,2.0658
0.047800,207.334901,113.380030,-320.714931,15.3457,50.000668,0.9564,2.0819
0.048000,191.188909,132.299228,-323.488137,15.8806,50.032272,0.9570,2.1480
0.048200,174.288382,150.696301,-324.984683,15.7685,50.005201,0.9528,2.0045
0.048400,156.700018,168.498645,-325.198663,14.1264,50.026948,0.9610,2.0398
0.048600,138.493230,185.636002,-324.129232,14.8166,50.039545,0.9609,2.0544
0.048800,119.739873,202.040738,-321.780612,14.9852,50.006709,0.9614,2.0548
0.049000,100.513958,217.648112,-318.162070,14.9073,50.004665,0.9606,2.0244
0.049200,80.891360,232.396529,-313.287888,14.8383,50.032183,0.9589,2.1703
0.049400,60.949520,246.227782,-307.177302,14.1980,50.035629,0.9519,2.0747
0.049600,40.767141,259.087286,-299.854427,14.0654,50.023489,0.9549,2.1713
0.049800,20.423872,270.924292,-291.348164,15.7109,50.017785,0.9553,2.1711
0.050000,-0.000000,281.692083,-281.692083,15.9557,50.004769,0.9582,2.0980
0.050200,-20.423872,291.348164,-270.924292,14.2443,50.017216,0.9548,2.0342
0.050400,-40.767141,299.854427,-259.087286,15.2834,50.040706,0.9555,2.1193
0.050600,-60.949520,307.177302,-246.227782,14.4871,50.028663,0.9503,2.1416
0.050800,-80.891360,313.287888,-232.396529,15.5303,50.006044,0.9568,2.0123
0.051000,-100.513958,318.162070,-217.648112,14.6571,50.009944,0.9526,2.1565
0.051200,-119.739873,321.780612,-202.040738,15.7168,50.007083,0.9608,2.0005
0.051400,-138.493230,324.129232,-185.636002,14.3490,50.006945,0.9516,2.0451
0.051600,-156.700018,325.198663,-168.498645,15.5800,50.031731,0.9503,2.0027
0.051800,-174.288382,324.984683,-150.696301,14.1048,50.011421,0.9539,2.0314
0.052000,-191.188909,323.488137,-132.299228,14.9525,50.035602,0.9563,2.1342
0.052200,-207.334901,320.714931,-113.380030,15.0077,50.037345,0.9562,2.0196
0.052400,-222.662637,316.676010,-94.013373,15.7340,50.045380,0.9505,2.1410
0.052600,-237.111625,311.387313,-74.275688,14.1217,50.025030,0.9555,2.1735
0.052800,-250.624842,304.869713,-54.244870,14.9805,50.022991,0.9548,2.1235
0.053000,-263.148958,297.148931,-33.999973,15.2166,50.043666,0.9509,2.0145
0.053200,-274.634544,288.255438,-13.620894,15.0967,50.003153,0.9533,2.1140
0.053400,-285.036274,278.224333,6.811941,14.9074,50.015609,0.9619,2.0955
0.053600,-294.313095,267.095203,27.217892,15.7056,50.029060,0.9512,2.1263
0.053800,-302.428398,254.911971,47.516427,14.4300,50.031244,0.9592,2.1298
0.054000,-309.350153,241.722717,67.627436,14.9070,50.021675,0.9527,2.0610
0.054200,-315.051045,227.579495,87.471550,15.3302,50.019968,0.9511,2.0768
0.054400,-319.508574,212.538120,106.970454,14.1343,50.017966,0.9518,2.1661
0.054600,-322.705149,196.657954,126.047195,15.4776,50.039925,0.9511,2.0174
0.054800,-324.628154,180.001669,144.626485,15.1232,50.038965,0.9567,2.1056
0.055000,-325.270000,162.635000,162.635000,15.3307,50.015823,0.9515,2.0636
0.055200,-324.628154,144.626485,180.001669,15.9368,50.036014,0.9604,2.1298
0.055400,-322.705149,126.047195,196.657954,14.4255,50.028820,0.9542,2.1040
0.055600,-319.508574,106.970454,212.538120,15.6907,50.031523,0.9527,2.0195
0.055800,-315.051045,87.471550,227.579495,15.6144,50.017643,0.9592,2.1033
0.056000,-309.350153,67.627436,241.722717,15.2271,50.040567,0.9617,2.1473
0.056200,-302.428398,47.516427,254.911971,15.6589,50.030850,0.9503,2.1672
0.056400,-294.313095,27.217892,267.095203,14.6180,50.012837,0.9522,2.1265
0.056600,-285.036274,6.811941,278.224333,15.1326,50.016312,0.9501,2.1566
0.056800,-274.634544,-13.620894,288.255438,14.0613,50.019238,0.9517,2.1140
0.057000,-263.148958,-33.999973,297.148931,14.6818,50.035813,0.9526,2.0756
0.057200,-250.624842,-54.244870,304.869713,15.1352,50.017763,0.9587,2.1398
0.057400,-237.111625,-74.275688,311.387313,15.2357,50.004078,0.9506,2.0283
0.057600,-222.662637,-94.013373,316.676010,14.9713,50.032350,0.9533,2.1191
0.057800,-207.334901,-113.380030,320.714931,14.2276,50.021218,0.9533,2.1359
0.058000,-191.188909,-132.299228,323.488137,14.9733,50.020636,0.9534,2.1221
0.058200,-174.288382,-150.696301,324.984683,15.1986,50.032022,0.9505,2.0711
0.058400,-156.700018,-168.498645,325.198663,14.2745,50.000369,0.9536,2.0380
0.058600,-138.493230,-185.636002,324.129232,15.4940,50.012265,0.9539,2.0014
0.058800,-119.739873,-202.040738,321.780612,15.0005,50.008433,0.9546,2.1267
0.059000,-100.513958,-217.648112,318.162070,15.7235,50.040001,0.9597,2.0130
0.059200,-80.891360,-232.396529,313.287888,15.7242,50.002031,0.9502,2.1658
0.059400,-60.949520,-246.227782,307.177302,14.8354,50.027636,0.9569,2.1277
0.059600,-40.767141,-259.087286,299.854427,15.6026,50.005528,0.9503,2.0585
0.059800,-20.423872,-270.924292,291.348164,14.1763,50.029670,0.9600,2.1656
0.060000,-0.000000,-281.692083,281.692083,15.0479,50.040535,0.9529,2.1060
0.060200,20.423872,-291.348164,270.924292,14.6661,50.018997,0.9537,2.0611
0.060400,40.767141,-299.854427,259.087286,15.0199,50.008070,0.9561,2.0205
0.060600,60.949520,-307.177302,246.227782,15.6379,50.043484,0.9542,2.1309
0.060800,80.891360,-313.287888,232.396529,14.3945,50.039122,0.9528,2.0264
0.061000,100.513958,-318.162070,217.648112,14.3543,50.028915,0.9591,2.1180
0.061200,119.739873,-321.780612,202.040738,15.5198,50.037097,0.9559,2.1358
0.061400,138.493230,-324.129232,185.636002,15.2706,50.021547,0.9611,2.1016
0.061600,156.700018,-325.198663,168.498645,14.3019,50.029977,0.9604,2.1129
0.061800,174.288382,-324.984683,150.696301,14.5493,50.003278,0.9553,2.0545
0.062000,191.188909,-323.488137,132.299228,14.9038,50.002696,0.9561,2.0559
0.062200,207.334901,-320.714931,113.380030,15.7285,50.002731,0.9600,2.0138
0.062400,222.662637,-316.676010,94.013373,14.9254,50.041054,0.9574,2.0913
0.062600,237.111625,-311.387313,74.275688,14.8995,50.026607,0.9595,2.1613
0.062800,250.624842,-304.869713,54.244870,14.9513,50.038871,0.9578,2.0579
0.063000,263.148958,-297.148931,33.999973,15.7983,50.007241,0.9507,2.0186
0.063200,274.634544,-288.255438,13.620894,14.3451,50.016485,0.9586,2.0908
0.063400,285.036274,-278.224333,-6.811941,15.0455,50.011892,0.9553,2.0791
0.063600,294.313095,-267.095203,-27.217892,14.8175,50.007620,0.9545,2.0509
0.063800,302.428398,-254.911971,-47.516427,15.2946,50.016242,0.9572,2.1421
0.064000,309.350153,-241.722717,-67.627436,14.5683,50.003164,0.9511,2.1221
0.064200,315.051045,-227.579495,-87.471550,15.7466,50.034739,0.9579,2.1631
0.064400,319.508574,-212.538120,-106.970454,14.6996,50.016001,0.9570,2.0255
0.064600,322.705149,-196.657954,-126.047195,15.1901,50.046449,0.9584,2.0706
0.064800,324.628154,-180.001669,-144.626485,15.5833,50.045024,0.9537,2.0678
0.065000,325.000000,-162.635000,-162.635000,15.4775,50.039033,0.9580,2.1492
0.065200,325.000000,-144.626485,-180.001669,14.8468,50.032900,0.9563,2.1163
0.065400,325.000000,-126.047195,-196.657954,14.4284,50.017368,0.9544,2.0324
0.065600,319.508574,-106.970454,-212.538120,14.2751,50.045488,0.9558,2.0408
0.065800,315.051045,-87.471550,-227.579495,15.5417,50.003704,0.9601,2.0182
0.066000,309.350153,-67.627436,-241.722717,14.6735,50.040086,0.9606,2.0068
0.066200,302.428398,-47.516427,-254.911971,14.3245,50.036783,0.9516,2.0678
0.066400,294.313095,-27.217892,-267.095203,14.3311,50.039905,0.9593,2.1456
0.066600,285.036274,-6.811941,-278.224333,14.4751,50.021008,0.9549,2.1217
0.066800,274.634544,13.620894,-288.255438,14.8979,50.021322,0.9534,2.1347
0.067000,263.148958,33.999973,-297.148931,14.9380,50.025633,0.9537,2.1456
0.067200,250.624842,54.244870,-304.869713,15.9689,50.040085,0.9544,2.1705
0.067400,237.111625,74.275688,-311.387313,15.0549,50.022161,0.9534,2.0687
0.067600,222.662637,94.013373,-316.676010,14.2768,50.046381,0.9598,2.1442
0.067800,207.334901,113.380030,-320.714931,15.1091,50.012000,0.9577,2.1573
0.068000,191.188909,132.299228,-323.488137,14.5701,50.004924,0.9602,2.1532
0.068200,174.288382,150.696301,-324.984683,14.2947,50.036630,0.9533,2.1630
0.068400,156.700018,168.498645,-325.198663,14.9023,50.020999,0.9614,2.0400
0.068600,138.493230,185.636002,-324.129232,15.0040,50.016780,0.9503,2.0096
0.068800,119.739873,202.040738,-321.780612,14.0564,50.011317,0.9619,2.0675
0.069000,100.513958,217.648112,-318.162070,15.5828,50.044680,0.9601,2.1170
0.069200,80.891360,232.396529,-313.287888,15.3921,50.006605,0.9534,2.1494
0.069400,60.949520,246.227782,-307.177302,14.0105,50.006662,0.9585,2.0807
0.069600,40.767141,259.087286,-299.854427,15.0976,50.003803,0.9531,2.1503
0.069800,20.423872,270.924292,-291.348164,14.5762,50.034907,0.9563,2.0200
0.070000,-0.000000,281.692083,-281.692083,15.5878,50.014455,0.9506,2.0756
0.070200,-20.423872,291.348164,-270.924292,15.1935,50.021941,0.9513,2.1629
0.070400,-40.767141,299.854427,-259.087286,14.2872,50.000789,0.9562,2.0435
0.070600,-60.949520,307.177302,-246.227782,14.8331,50.020603,0.9574,2.0433
0.070800,-80.891360,313.287888,-232.396529,14.1354,50.031890,0.9510,2.1754
0.071000,-100.513958,318.162070,-217.648112,15.1083,50.025251,0.9561,2.1779
0.071200,-119.739873,321.780612,-202.040738,15.9621,50.018742,0.9556,2.1144
0.071400,-138.493230,324.129232,-185.636002,14.6896,50.012175,0.9502,2.1419
0.071600,-156.700018,325.198663,-168.498645,15.4704,50.035181,0.9575,2.1389
0.071800,-174.288382,324.984683,-150.696301,15.6270,50.015961,0.9505,2.0983
0.072000,-191.188909,323.488137,-132.299228,15.3908,50.008404,0.9593,2.0836
0.072200,-207.334901,320.714931,-113.380030,15.5524,50.030323,0.9597,2.0114
0.072400,-222.662637,316.676010,-94.013373,14.3989,50.021969,0.9535,2.0079
0.072600,-237.111625,311.387313,-74.275688,15.9782,50.002011,0.9612,2.0928
0.072800,-250.624842,304.869713,-54.244870,14.3822,50.026065,0.9530,2.1356
0.073000,-263.148958,297.148931,-33.999973,14.6638,50.017135,0.9594,2.1558
0.073200,-274.634544,288.255438,-13.620894,15.4866,50.005975,0.9544,2.1601
0.073400,-285.036274,278.224333,6.811941,14.9924,50.042943,0.9546,2.1753
0.073600,-294.313095,267.095203,27.217892,15.6023,50.023881,0.9611,2.0935
0.073800,-302.428398,254.911971,47.516427,15.6447,50.034900,0.9509,2.1084
0.074000,-309.350153,241.722717,67.627436,15.3218,50.026183,0.9539,2.0144
0.074200,-315.051045,227.579495,87.471550,15.3795,50.014712,0.9572,2.0767
0.074400,-319.508574,212.538120,106.970454,14.7051,50.016874,0.9505,2.1566
0.074600,-322.705149,196.657954,126.047195,15.8958,50.047911,0.9533,2.1764
0.074800,-324.628154,180.001669,144.626485,15.6022,50.003602,0.9577,2.0654
0.075000,-325.270000,162.635000,162.635000,15.2151,50.032612,0.9614,2.0257
0.075200,-324.628154,144.626485,180.001669,15.5570,50.037503,0.9504,2.0121
0.075400,-322.705149,126.047195,196.657954,15.2102,50.017584,0.9546,2.1021
0.075600,-319.508574,106.970454,212.538120,15.5262,50.032595,0.9614,2.0670
0.075800,-315.051045,87.471550,227.579495,15.2991,50.027548,0.9564,2.0716
0.076000,-309.350153,67.627436,241.722717,14.9981,50.011981,0.9514,2.1324
0.076200,-302.428398,47.516427,254.911971,14.5206,50.018575,0.9567,2.0471
0.076400,-294.313095,27.217892,267.095203,15.8330,50.021421,0.9620,2.0514
0.076600,-285.036274,6.811941,278.224333,14.9041,50.023578,0.9515,2.1535
0.076800,-274.634544,-13.620894,288.255438,15.3639,50.043137,0.9553,2.0158
0.077000,-263.148958,-33.999973,297.148931,14.1299,50.040585,0.9538,2.0625
0.077200,-250.624842,-54.244870,304.869713,15.4236,50.026024,0.9607,2.1532
0.077400,-237.111625,-74.275688,311.387313,15.0175,50.044512,0.9577,2.1429
0.077600,-222.662637,-94.013373,316.676010,15.5807,50.005825,0.9524,2.0250
0.077800,-207.334901,-113.380030,320.714931,15.6073,50.001262,0.9566,2.0664
0.078000,-191.188909,-132.299228,323.488137,14.6186,50.026479,0.9573,2.0155
0.078200,-174.288382,-150.696301,324.984683,15.5383,50.047981,0.9586,2.0946
0.078400,-156.700018,-168.498645,325.198663,15.2847,50.039520,0.9509,2.1750
0.078600,-138.493230,-185.636002,324.129232,15.7559,50.021599,0.9582,2.0620
0.078800,-119.739873,-202.040738,321.780612,15.9325,50.037453,0.9577,2.0328
0.079000,-100.513958,-217.648112,318.162070,14.2483,50.020766,0.9609,2.0100
0.079200,-80.891360,-232.396529,313.287888,15.4187,50.007345,0.9520,2.0581
0.079400,-60.949520,-246.227782,307.177302,15.6919,50.016609,0.9613,2.1611
0.079600,-40.767141,-259.087286,299.854427,14.2503,50.012029,0.9576,2.0992
0.079800,-20.423872,-270.924292,291.348164,14.3373,50.014536,0.9564,2.0905
0.080000,-0.000000,-281.692083,281.692083,15.4413,50.045197,0.9519,2.1186
0.080200,20.423872,-291.348164,270.924292,15.6505,50.029047,0.9601,2.1015
0.080400,40.767141,-299.854427,259.087286,15.1535,50.001362,0.9505,2.1155
0.080600,60.949520,-307.177302,246.227782,15.2780,50.031254,0.9592,2.0750
0.080800,80.891360,-313.287888,232.396529,15.9133,50.023906,0.9575,2.0521
0.081000,100.513958,-318.162070,217.648112,14.5949,50.023181,0.9597,2.1233
0.081200,119.739873,-321.780612,202.040738,14.9685,50.003503,0.9507,2.0791
0.081400,138.493230,-324.129232,185.636002,15.4367,50.009793,0.9573,2.0563
0.081600,156.700018,-325.198663,168.498645,14.2615,50.035242,0.9603,2.1756
0.081800,174.288382,-324.984683,150.696301,14.9329,50.017786,0.9567,2.0574
0.082000,191.188909,-323.488137,132.299228,14.5804,50.012839,0.9530,2.0174
0.082200,207.334901,-320.714931,113.380030,15.7306,50.018439,0.9574,2.0447
0.082400,222.662637,-316.676010,94.013373,14.6254,50.007666,0.9539,2.1040
0.082600,237.111625,-311.387313,74.275688,14.9975,50.036630,0.9560,2.0927
0.082800,250.624842,-304.869713,54.244870,15.0109,50.014810,0.9503,2.1701
0.083000,263.148958,-297.148931,33.999973,14.1011,50.046401,0.9526,2.0635
0.083200,274.634544,-288.255438,13.620894,14.9412,50.023755,0.9606,2.1178
0.083400,285.036274,-278.224333,-6.811941,15.7649,50.025761,0.9602,2.0776
0.083600,294.313095,-267.095203,-27.217892,14.8012,50.034920,0.9592,2.0659
0.083800,302.428398,-254.911971,-47.516427,14.1471,50.027374,0.9523,2.0996
0.084000,309.350153,-241.722717,-67.627436,15.9782,50.024204,0.9592,2.0503
0.084200,315.051045,-227.579495,-87.471550,14.7878,50.032659,0.9514,2.1755
0.084400,319.508574,-212.538120,-106.970454,15.5099,50.038155,0.9541,2.1690
0.084600,322.705149,-196.657954,-126.047195,14.0906,50.009555,0.9561,2.0900
0.084800,324.628154,-180.001669,-144.626485,14.9140,50.006578,0.9540,2.0853
0.085000,325.000000,-162.635000,-162.635000,15.2261,50.029101,0.9562,2.0590
0.085200,325.000000,-144.626485,-180.001669,14.5985,50.007800,0.9619,2.1331
0.085400,322.705149,-126.047195,-196.657954,15.4175,50.016146,0.9599,2.0958
0.085600,319.508574,-106.970454,-212.538120,15.3476,50.014390,0.9598,2.0663
0.085800,315.051045,-87.471550,-227.579495,15.4506,50.047035,0.9570,2.1434
0.086000,309.350153,-67.627436,-241.722717,15.9341,50.033026,0.9503,2.0854
0.086200,302.428398,-47.516427,-254.911971,15.4428,50.037579,0.9593,2.1040
0.086400,294.313095,-27.217892,-267.095203,15.2395,50.028009,0.9520,2.1132
0.086600,285.036274,-6.811941,-278.224333,14.0631,50.040376,0.9518,2.1225
0.086800,274.634544,13.620894,-288.255438,14.6274,50.045514,0.9513,2.0034
0.087000,263.148958,33.999973,-297.148931,15.5499,50.007269,0.9583,2.0739
0.087200,250.624842,54.244870,-304.869713,14.1246,50.044185,0.9605,2.1325
0.087400,237.111625,74.275688,-311.387313,15.3245,50.006628,0.9525,2.0585
0.087600,222.662637,94.013373,-316.676010,15.8242,50.025223,0.9538,2.0312
0.087800,207.334901,113.380030,-320.714931,15.4418,50.016432,0.9543,2.1390
0.088000,191.188909,132.299228,-323.488137,14.3845,50.030879,0.9583,2.1098
0.088200,174.288382,150.696301,-324.984683,15.9458,50.011833,0.9567,2.0405
0.088400,156.700018,168.498645,-325.198663,15.4100,50.014285,0.9535,2.0373
0.088600,138.493230,185.636002,-324.129232,15.5908,50.015218,0.9542,2.1681
0.088800,119.739873,202.040738,-321.780612,14.7594,50.013126,0.9515,2.1218
0.089000,100.513958,217.648112,-318.162070,15.6092,50.047048,0.9598,2.1718
0.089200,80.891360,232.396529,-313.287888,14.6927,50.013942,0.9535,2.1285
0.089400,60.949520,246.227782,-307.177302,14.4041,50.021234,0.9531,2.0862
0.089600,40.767141,259.087286,-299.854427,14.2745,50.025852,0.9612,2.1253
0.089800,20.423872,270.924292,-291.348164,15.3397,50.029552,0.9570,2.0436
0.090000,0.000000,281.692083,-281.692083,14.8266,50.025490,0.9577,2.0094
0.090200,-20.423872,291.348164,-270.924292,14.0104,50.034433,0.9512,2.1387
0.090400,-40.767141,299.854427,-259.087286,15.8701,50.026417,0.9611,2.0732
0.090600,-60.949520,307.177302,-246.227782,15.9278,50.042163,0.9557,2.0359
0.090800,-80.891360,313.287888,-232.396529,14.1789,50.015416,0.9578,2.1634
0.091000,-100.513958,318.162070,-217.648112,15.8733,50.027558,0.9564,2.1302
0.091200,-119.739873,321.780612,-202.040738,14.3516,50.043835,0.9521,2.1588
0.091400,-138.493230,324.129232,-185.636002,14.9908,50.044142,0.9620,2.0715
0.091600,-156.700018,325.198663,-168.498645,15.7535,50.044957,0.9615,2.1667
0.091800,-174.288382,324.984683,-150.696301,15.9660,50.000445,0.9568,2.0193
0.092000,-191.188909,323.488137,-132.299228,14.9878,50.013659,0.9619,2.0978
0.092200,-207.334901,320.714931,-113.380030,14.3856,50.045051,0.9602,2.0842
0.092400,-222.662637,316.676010,-94.013373,14.5145,50.005407,0.9519,2.0826
0.092600,-237.111625,311.387313,-74.275688,15.1356,50.008938,0.9588,2.1423
0.092800,-250.624842,304.869713,-54.244870,15.7941,50.036350,0.9521,2.1541
0.093000,-263.148958,297.148931,-33.999973,15.3385,50.039696,0.9562,2.0156
0.093200,-274.634544,288.255438,-13.620894,14.4961,50.008869,0.9517,2.0582
0.093400,-285.036274,278.224333,6.811941,15.9081,50.012518,0.9528,2.1357
0.093600,-294.313095,267.095203,27.217892,15.3074,50.014493,0.9587,2.0021
0.093800,-302.428398,254.911971,47.516427,14.6136,50.033253,0.9507,2.0213
0.094000,-309.350153,241.722717,67.627436,15.4071,50.019460,0.9560,2.1611
0.094200,-315.051045,227.579495,87.471550,14.5901,50.014927,0.9514,2.1649
0.094400,-319.508574,212.538120,106.970454,14.3064,50.029502,0.9526,2.0240
0.094600,-322.705149,196.657954,126.047195,15.0985,50.035891,0.9573,2.0749
0.094800,-324.628154,180.001669,144.626485,14.4368,50.022600,0.9565,2.1195
0.095000,-325.270000,162.635000,162.635000,14.1637,50.011878,0.9591,2.1572
0.095200,-324.628154,144.626485,180.001669,15.1283,50.021444,0.9584,2.0141
0.095400,-322.705149,126.047195,196.657954,15.1454,50.002964,0.9566,2.0910
0.095600,-319.508574,106.970454,212.538120,14.2325,50.007193,0.9539,2.0937
0.095800,-315.051045,87.471550,227.579495,15.0208,50.009859,0.9570,2.0164
0.096000,-309.350153,67.627436,241.722717,14.9136,50.038817,0.9554,2.0924
0.096200,-302.428398,47.516427,254.911971,15.4466,50.002771,0.9555,2.1452
0.096400,-294.313095,27.217892,267.095203,15.1566,50.019006,0.9598,2.1342
0.096600,-285.036274,6.811941,278.224333,15.9882,50.002174,0.9541,2.0115
0.096800,-274.634544,-13.620894,288.255438,14.0635,50.044860,0.9508,2.1681
0.097000,-263.148958,-33.999973,297.148931,15.9567,50.019626,0.9592,2.1378
0.097200,-250.624842,-54.244870,304.869713,14.7650,50.031002,0.9550,2.1787
0.097400,-237.111625,-74.275688,311.387313,15.3655,50.041742,0.9609,2.0676
0.097600,-222.662637,-94.013373,316.676010,14.6955,50.031766,0.9565,2.1176
0.097800,-207.334901,-113.380030,320.714931,15.4557,50.008567,0.9564,2.0952
0.098000,-191.188909,-132.299228,323.488137,14.5967,50.010689,0.9500,2.0041
0.098200,-174.288382,-150.696301,324.984683,15.6467,50.032328,0.9565,2.0957
0.098400,-156.700018,-168.498645,325.198663,15.8748,50.011881,0.9542,2.0496
0.098600,-138.493230,-185.636002,324.129232,14.8385,50.034801,0.9514,2.1457
0.098800,-119.739873,-202.040738,321.780612,14.4122,50.036771,0.9606,2.0028
0.099000,-100.513958,-217.648112,318.162070,15.4066,50.004843,0.9504,2.1076
0.099200,-80.891360,-232.396529,313.287888,14.4687,50.002336,0.9589,2.0724
0.099400,-60.949520,-246.227782,307.177302,15.0078,50.010429,0.9604,2.0102
0.099600,-40.767141,-259.087286,299.854427,14.6378,50.013885,0.9598,2.1317
0.099800,-20.423872,-270.924292,291.348164,14.6035,50.028700,0.9581,2.0577
0.100000,0.000000,-281.692083,281.692083,14.6010,50.006877,0.9579,2.0398
0.100200,20.423872,-291.348164,270.924292,15.8232,50.002926,0.9614,2.1583
0.100400,40.767141,-299.854427,259.087286,15.9446,50.030048,0.9551,2.0892
0.100600,60.949520,-307.177302,246.227782,14.6375,50.045196,0.9581,2.1414
0.100800,80.891360,-313.287888,232.396529,15.5088,50.019984,0.9518,2.0678
0.101000,100.513958,-318.162070,217.648112,15.4152,50.022729,0.9602,2.0541
0.101200,119.739873,-321.780612,202.040738,15.9356,50.038677,0.9610,2.1012
0.101400,138.493230,-324.129232,185.636002,14.4067,50.026750,0.9516,2.0437
0.101600,156.700018,-325.198663,168.498645,14.1849,50.031042,0.9611,2.1525
0.101800,174.288382,-324.984683,150.696301,15.3473,50.034780,0.9523,2.0483
0.102000,191.188909,-323.488137,132.299228,15.5234,50.028940,0.9605,2.0339
0.102200,207.334901,-320.714931,113.380030,15.7389,50.034767,0.9567,2.0863
0.102400,222.662637,-316.676010,94.013373,15.8743,50.015982,0.9615,2.0028
0.102600,237.111625,-311.387313,74.275688,14.9578,50.046180,0.9514,2.1799
0.102800,250.624842,-304.869713,54.244870,15.8303,50.011644,0.9573,2.0368
0.103000,263.148958,-297.148931,33.999973,15.0673,50.026500,0.9593,2.0685
0.103200,274.634544,-288.255438,13.620894,14.9946,50.017244,0.9531,2.0923
0.103400,285.036274,-278.224333,-6.811941,15.6795,50.004733,0.9618,2.0845
0.103600,294.313095,-267.095203,-27.217892,15.1250,50.043888,0.9544,2.0745
0.103800,302.428398,-254.911971,-47.516427,15.8695,50.010621,0.9518,2.0469
0.104000,309.350153,-241.722717,-67.627436,14.6597,50.027799,0.9550,2.0274
0.104200,315.051045,-227.579495,-87.471550,15.3092,50.018232,0.9600,2.0899
0.104400,319.508574,-212.538120,-106.970454,15.9330,50.032873,0.9531,2.1479
0.104600,322.705149,-196.657954,-126.047195,15.5900,50.030801,0.9559,2.0303
0.104800,324.628154,-180.001669,-144.626485,15.8338,50.008125,0.9586,2.0879
0.105000,325.000000,-162.635000,-162.635000,14.0676,50.026023,0.9577,2.0106
0.105200,325.000000,-144.626485,-180.001669,15.5287,50.040641,0.9613,2.1203
0.105400,322.705149,-126.047195,-196.657954,15.4143,50.019795,0.9601,2.0417
0.105600,319.508574,-106.970454,-212.538120,15.2357,50.000439,0.9561,2.0672
0.105800,315.051045,-87.471550,-227.579495,14.9757,50.032004,0.9574,2.0870
0.106000,309.350153,-67.627436,-241.722717,15.0588,50.000317,0.9566,2.0021
0.106200,302.428398,-47.516427,-254.911971,15.6263,50.013188,0.9617,2.0031
0.106400,294.313095,-27.217892,-267.095203,14.2140,50.032354,0.9597,2.1638
0.106600,285.036274,-6.811941,-278.224333,15.0529,50.004623,0.9518,2.0345
0.106800,274.634544,13.620894,-288.255438,14.7461,50.039130,0.9532,2.0714
0.107000,263.148958,33.999973,-297.148931,14.4517,50.019489,0.9568,2.1782
0.107200,250.624842,54.244870,-304.869713,15.7164,50.032834,0.9602,2.1177
0.107400,237.111625,74.275688,-311.387313,15.1054,50.036460,0.9511,2.0683
0.107600,222.662637,94.013373,-316.676010,14.9997,50.002694,0.9501,2.0308
0.107800,207.334901,113.380030,-320.714931,15.7159,50.020828,0.9594,2.1019
0.108000,191.188909,132.299228,-323.488137,14.4228,50.004577,0.9563,2.0077
0.108200,174.288382,150.696301,-324.984683,14.0931,50.041670,0.9607,2.0856
0.108400,156.700018,168.498645,-325.198663,15.1270,50.003569,0.9611,2.1619
0.108600,138.493230,185.636002,-324.129232,15.9229,50.001579,0.9611,2.0566
0.108800,119.739873,202.040738,-321.780612,14.7966,50.028178,0.9590,2.1283
0.109000,100.513958,217.648112,-318.162070,15.6693,50.003693,0.9519,2.0433
0.109200,80.891360,232.396529,-313.287888,15.5112,50.018680,0.9608,2.0597
0.109400,60.949520,246.227782,-307.177302,15.0016,50.006718,0.9619,2.1303
0.109600,40.767141,259.087286,-299.854427,15.6773,50.046768,0.9506,2.0787
0.109800,20.423872,270.924292,-291.348164,14.7934,50.016348,0.9592,2.1719
0.110000,-0.000000,281.692083,-281.692083,15.9852,50.037131,0.9504,2.0492
0.110200,-20.423872,291.348164,-270.924292,14.8637,50.023549,0.9543,2.1694
0.110400,-40.767141,299.854427,-259.087286,15.2372,50.032625,0.9579,2.0154
0.110600,-60.949520,307.177302,-246.227782,14.3084,50.038307,0.9586,2.0148
0.110800,-80.891360,313.287888,-232.396529,14.6334,50.034161,0.9576,2.1331
0.111000,-100.513958,318.162070,-217.648112,14.7198,50.005114,0.9501,2.0555
0.111200,-119.739873,321.780612,-202.040738,14.8977,50.012949,0.9516,2.0337
0.111400,-138.493230,324.129232,-185.636002,14.7078,50.026628,0.9549,2.0047
0.111600,-156.700018,325.198663,-168.498645,14.7705,50.004467,0.9572,2.0584
0.111800,-174.288382,324.984683,-150.696301,15.8023,50.014009,0.9547,2.0152
0.112000,-191.188909,323.488137,-132.299228,14.3392,50.043450,0.9617,2.1030
0.112200,-207.334901,320.714931,-113.380030,14.9862,50.018275,0.9517,2.0542
0.112400,-222.662637,316.676010,-94.013373,14.9685,50.003037,0.9552,2.0758
0.112600,-237.111625,311.387313,-74.275688,15.2501,50.003692,0.9530,2.0444
0.112800,-250.624842,304.869713,-54.244870,14.6093,50.028503,0.9523,2.0193
0.113000,-263.148958,297.148931,-33.999973,15.6082,50.045544,0.9540,2.1116
0.113200,-274.634544,288.255438,-13.620894,15.7190,50.015818,0.9540,2.1468
0.113400,-285.036274,278.224333,6.811941,15.8946,50.046763,0.9516,2.0577
0.113600,-294.313095,267.095203,27.217892,15.9375,50.009641,0.9538,2.1736
0.113800,-302.428398,254.911971,47.516427,15.1518,50.013990,0.9583,2.0884
0.114000,-309.350153,241.722717,67.627436,14.7859,50.011636,0.9545,2.1470
0.114200,-315.051045,227.579495,87.471550,15.0913,50.005467,0.9568,2.1066
0.114400,-319.508574,212.538120,106.970454,14.9232,50.032722,0.9566,2.1715
0.114600,-322.705149,196.657954,126.047195,15.3857,50.034002,0.9553,2.0524
0.114800,-324.628154,180.001669,144.626485,14.9986,50.039310,0.9595,2.0736
0.115000,-325.270000,162.635000,162.635000,15.4305,50.030400,0.9529,2.1186
0.115200,-324.628154,144.626485,180.001669,14.9585,50.037876,0.9509,2.1783
0.115400,-322.705149,126.047195,196.657954,15.3834,50.019239,0.9561,2.1657
0.115600,-319.508574,106.970454,212.538120,15.7910,50.026095,0.9595,2.0647
0.115800,-315.051045,87.471550,227.579495,15.5379,50.025771,0.9577,2.0153
0.116000,-309.350153,67.627436,241.722717,14.0886,50.031565,0.9543,2.1165
0.116200,-302.428398,47.516427,254.911971,15.5054,50.047213,0.9581,2.0719
0.116400,-294.313095,27.217892,267.095203,14.5175,50.046354,0.9552,2.0019
0.116600,-285.036274,6.811941,278.224333,15.1505,50.024512,0.9562,2.1045
0.116800,-274.634544,-13.620894,288.255438,15.1772,50.021397,0.9547,2.1390
0.117000,-263.148958,-33.999973,297.148931,14.2091,50.024022,0.9541,2.0044
0.117200,-250.624842,-54.244870,304.869713,15.8814,50.019967,0.9615,2.0209
0.117400,-237.111625,-74.275688,311.387313,14.4137,50.006800,0.9537,2.0820
0.117600,-222.662637,-94.013373,316.676010,15.3935,50.023180,0.9557,2.0789
0.117800,-207.334901,-113.380030,320.714931,14.2302,50.015308,0.9536,2.1458
0.118000,-191.188909,-132.299228,323.488137,14.3287,50.040761,0.9578,2.1219
0.118200,-174.288382,-150.696301,324.984683,14.3203,50.047227,0.9529,2.0314
0.118400,-156.700018,-168.498645,325.198663,14.8101,50.026873,0.9615,2.0417
0.118600,-138.493230,-185.636002,324.129232,14.0584,50.008854,0.9577,2.0778
0.118800,-119.739873,-202.040738,321.780612,14.7777,50.029477,0.9524,2.1066
0.119000,-100.513958,-217.648112,318.162070,15.6175,50.033827,0.9525,2.1354
0.119200,-80.891360,-232.396529,313.287888,14.3739,50.003003,0.9512,2.1570
0.119400,-60.949520,-246.227782,307.177302,15.7253,50.015647,0.9555,2.0472
0.119600,-40.767141,-259.087286,299.854427,15.2226,50.025330,0.9577,2.1075
0.119800,-20.423872,-270.924292,291.348164,15.2347,50.028176,0.9542,2.1522
0.120000,-0.000000,-281.692083,281.692083,15.2290,50.039059,0.9585,2.0535
0.120200,20.423872,-291.348164,270.924292,14.6108,50.004068,0.9516,2.0212
0.120400,40.767141,-299.854427,259.087286,14.8365,50.008786,0.9583,2.0919
0.120600,60.949520,-307.177302,246.227782,15.2710,50.006618,0.9546,2.0334
0.120800,80.891360,-313.287888,232.396529,15.1098,50.033285,0.9577,2.1800
0.121000,100.513958,-318.162070,217.648112,14.9020,50.023503,0.9517,2.0566
0.121200,119.739873,-321.780612,202.040738,14.2731,50.002573,0.9543,2.0017
0.121400,138.493230,-324.129232,185.636002,14.9899,50.039130,0.9616,2.0910
0.121600,156.700018,-325.198663,168.498645,14.9774,50.032865,0.9550,2.1512
0.121800,174.288382,-324.984683,150.696301,14.5842,50.003968,0.9504,2.1370
0.122000,191.188909,-323.488137,132.299228,14.9146,50.013193,0.9565,2.0303
0.122200,207.334901,-320.714931,113.380030,14.2264,50.035641,0.9592,2.0990
0.122400,222.662637,-316.676010,94.013373,14.7337,50.005482,0.9593,2.1482
0.122600,237.111625,-311.387313,74.275688,15.0927,50.039485,0.9505,2.1294
0.122800,250.624842,-304.869713,54.244870,15.5027,50.047509,0.9512,2.1494
0.123000,263.148958,-297.148931,33.999973,14.6972,50.014290,0.9620,2.0810
0.123200,274.634544,-288.255438,13.620894,15.5513,50.039203,0.9553,2.1789
0.123400,285.036274,-278.224333,-6.811941,14.7013,50.011373,0.9597,2.1058
0.123600,294.313095,-267.095203,-27.217892,14.2785,50.034116,0.9576,2.0299
0.123800,302.428398,-254.911971,-47.516427,14.7016,50.009918,0.9525,2.0107
0.124000,309.350153,-241.722717,-67.627436,15.4081,50.013492,0.9565,2.0583
0.124200,315.051045,-227.579495,-87.471550,15.9710,50.013888,0.9532,2.1544
0.124400,319.508574,-212.538120,-106.970454,15.5714,50.032606,0.9511,2.1733
0.124600,322.705149,-196.657954,-126.047195,14.2538,50.044101,0.9619,2.1561
0.124800,324.628154,-180.001669,-144.626485,15.6570,50.041572,0.9530,2.1281
0.125000,325.000000,-162.635000,-162.635000,15.1549,50.036551,0.9581,2.0881
0.125200,325.000000,-144.626485,-180.001669,15.2673,50.012898,0.9550,2.0814
0.125400,322.705149,-126.047195,-196.657954,14.5565,50.042246,0.9511,2.0928
0.125600,319.508574,-106.970454,-212.538120,14.6546,50.044944,0.9544,2.1710
0.125800,315.051045,-87.471550,-227.579495,15.4619,50.000119,0.9593,2.1319
0.126000,309.350153,-67.627436,-241.722717,14.1267,50.022006,0.9580,2.0645
0.126200,302.428398,-47.516427,-254.911971,14.4237,50.025652,0.9526,2.0773
0.126400,294.313095,-27.217892,-267.095203,15.1559,50.012890,0.9599,2.0608
0.126600,285.036274,-6.811941,-278.224333,15.3651,50.027175,0.9558,2.0619
0.126800,274.634544,13.620894,-288.255438,14.9192,50.002324,0.9512,2.1411
0.127000,263.148958,33.999973,-297.148931,14.0014,50.005963,0.9603,2.0794
0.127200,250.624842,54.244870,-304.869713,14.2638,50.045986,0.9524,2.1239
0.127400,237.111625,74.275688,-311.387313,14.5480,50.031200,0.9519,2.1679
0.127600,222.662637,94.013373,-316.676010,15.8076,50.031420,0.9530,2.0669
0.127800,207.334901,113.380030,-320.714931,15.3989,50.007945,0.9548,2.0550
0.128000,191.188909,132.299228,-323.488137,14.0022,50.011239,0.9579,2.1267
0.128200,174.288382,150.696301,-324.984683,15.3600,50.022887,0.9516,2.0407
0.128400,156.700018,168.498645,-325.198663,15.9763,50.000446,0.9583,2.1471
0.128600,138.493230,185.636002,-324.129232,14.7661,50.020271,0.9516,2.0127
0.128800,119.739873,202.040738,-321.780612,15.7620,50.035077,0.9512,2.0564
0.129000,100.513958,217.648112,-318.162070,14.2663,50.006582,0.9593,2.1356
0.129200,80.891360,232.396529,-313.287888,14.0169,50.047661,0.9517,2.0955
0.129400,60.949520,246.227782,-307.177302,15.2562,50.031201,0.9553,2.1300
0.129600,40.767141,259.087286,-299.854427,15.7199,50.007266,0.9549,2.1236
0.129800,20.423872,270.924292,-291.348164,15.1791,50.004161,0.9512,2.1354
0.130000,-0.000000,281.692083,-281.692083,14.2797,50.018434,0.9616,2.0566
0.130200,-20.423872,291.348164,-270.924292,15.2000,50.013294,0.9510,2.0996
0.130400,-40.767141,299.854427,-259.087286,15.6958,50.029164,0.9593,2.1243
0.130600,-60.949520,307.177302,-246.227782,15.0190,50.031603,0.9536,2.0932
0.130800,-80.891360,313.287888,-232.396529,15.7958,50.035896,0.9535,2.0098
0.131000,-100.513958,318.162070,-217.648112,14.9992,50.045824,0.9559,2.0203
0.131200,-119.739873,321.780612,-202.040738,15.9738,50.028509,0.9563,2.1760
0.131400,-138.493230,324.129232,-185.636002,15.1368,50.044828,0.9516,2.1549
0.131600,-156.700018,325.198663,-168.498645,15.9089,50.017540,0.9582,2.1373
0.131800,-174.288382,324.984683,-150.696301,14.5244,50.036978,0.9502,2.0122
0.132000,-191.188909,323.488137,-132.299228,15.0132,50.001912,0.9507,2.1421
0.132200,-207.334901,320.714931,-113.380030,15.4036,50.030171,0.9560,2.0748
0.132400,-222.662637,316.676010,-94.013373,14.5549,50.003957,0.9564,2.1109
0.132600,-237.111625,311.387313,-74.275688,15.6161,50.014876,0.9561,2.0366
0.132800,-250.624842,304.869713,-54.244870,15.6691,50.025747,0.9547,2.1142
0.133000,-263.148958,297.148931,-33.999973,15.4599,50.032691,0.9508,2.1258
0.133200,-274.634544,288.255438,-13.620894,14.8690,50.040630,0.9507,2.0155
0.133400,-285.036274,278.224333,6.811941,15.4834,50.021762,0.9573,2.0557
0.133600,-294.313095,267.095203,27.217892,15.4030,50.035552,0.9514,2.1274
0.133800,-302.428398,254.911971,47.516427,15.5660,50.007864,0.9614,2.0941
0.134000,-309.350153,241.722717,67.627436,15.5622,50.034597,0.9520,2.0228
0.134200,-315.051045,227.579495,87.471550,14.0587,50.012901,0.9606,2.1389
0.134400,-319.508574,212.538120,106.970454,15.4246,50.038741,0.9533,2.0115
0.134600,-322.705149,196.657954,126.047195,14.7202,50.027679,0.9509,2.0819
0.134800,-324.628154,180.001669,144.626485,14.5102,50.023981,0.9568,2.0662
0.135000,-325.270000,162.635000,162.635000,14.4568,50.004939,0.9569,2.1301
0.135200,-324.628154,144.626485,180.001669,14.4891,50.024424,0.9505,2.1553
0.135400,-322.705149,126.047195,196.657954,15.8623,50.022645,0.9546,2.0270
0.135600,-319.508574,106.970454,212.538120,15.4813,50.041159,0.9566,2.1645
0.135800,-315.051045,87.471550,227.579495,15.4406,50.020130,0.9539,2.0749
0.136000,-309.350153,67.627436,241.722717,15.0041,50.013020,0.9509,2.0671
0.136200,-302.428398,47.516427,254.911971,15.9628,50.043293,0.9522,2.1448
0.136400,-294.313095,27.217892,267.095203,14.5646,50.045796,0.9508,2.0837
0.136600,-285.036274,6.811941,278.224333,14.0159,50.040553,0.9539,2.0996
0.136800,-274.634544,-13.620894,288.255438,15.2454,50.009632,0.9568,2.0547
0.137000,-263.148958,-33.999973,297.148931,15.5452,50.022268,0.9571,2.0888
0.137200,-250.624842,-54.244870,304.869713,14.4903,50.009380,0.9608,2.1369
0.137400,-237.111625,-74.275688,311.387313,14.6928,50.000306,0.9549,2.0419
0.137600,-222.662637,-94.013373,316.676010,14.0029,50.040300,0.9605,2.1712
0.137800,-207.334901,-113.380030,320.714931,14.2079,50.031551,0.9602,2.1309
0.138000,-191.188909,-132.299228,323.488137,14.1198,50.025431,0.9529,2.0886
0.138200,-174.288382,-150.696301,324.984683,15.8425,50.047854,0.9585,2.0167
0.138400,-156.700018,-168.498645,325.198663,14.7450,50.043070,0.9562,2.1262
0.138600,-138.493230,-185.636002,324.129232,14.2670,50.046779,0.9510,2.0172
0.138800,-119.739873,-202.040738,321.780612,14.8700,50.039358,0.9509,2.1022
0.139000,-100.513958,-217.648112,318.162070,14.6300,50.046282,0.9528,2.0470
0.139200,-80.891360,-232.396529,313.287888,14.6361,50.038439,0.9584,2.1324
0.139400,-60.949520,-246.227782,307.177302,15.5599,50.013054,0.9509,2.0365
0.139600,-40.767141,-259.087286,299.854427,14.9321,50.028066,0.9519,2.0296
0.139800,-20.423872,-270.924292,291.348164,14.4153,50.019513,0.9564,2.1736
0.140000,0.000000,-281.692083,281.692083,14.3152,50.014799,0.9532,2.0216
0.140200,20.423872,-291.348164,270.924292,14.0807,50.032931,0.9599,2.1254
0.140400,40.767141,-299.854427,259.087286,14.4964,50.040124,0.9539,2.0164
0.140600,60.949520,-307.177302,246.227782,14.5203,50.017076,0.9562,2.1219
0.140800,80.891360,-313.287888,232.396529,14.9044,50.047552,0.9504,2.0728
0.141000,100.513958,-318.162070,217.648112,15.6078,50.035908,0.9530,2.0832
0.141200,119.739873,-321.780612,202.040738,15.9651,50.006710,0.9501,2.1495
0.141400,138.493230,-324.129232,185.636002,15.2606,50.006274,0.9599,2.0670
0.141600,156.700018,-325.198663,168.498645,15.6255,50.030945,0.9570,2.0466
0.141800,174.288382,-324.984683,150.696301,14.8869,50.001046,0.9508,2.1624
0.142000,191.188909,-323.488137,132.299228,14.6631,50.006182,0.9609,2.1493
0.142200,207.334901,-320.714931,113.380030,15.1478,50.002049,0.9555,2.0302
0.142400,222.662637,-316.676010,94.013373,15.3664,50.039441,0.9547,2.0053
0.142600,237.111625,-311.387313,74.275688,14.5597,50.008295,0.9526,2.0337
0.142800,250.624842,-304.869713,54.244870,14.4916,50.042404,0.9504,2.1115
0.143000,263.148958,-297.148931,33.999973,14.1220,50.014165,0.9549,2.0991
0.143200,274.634544,-288.255438,13.620894,15.7693,50.013429,0.9516,2.0359
0.143400,285.036274,-278.224333,-6.811941,15.5897,50.025239,0.9576,2.1444
0.143600,294.313095,-267.095203,-27.217892,15.0890,50.047491,0.9594,2.0646
0.143800,302.428398,-254.911971,-47.516427,14.7768,50.023265,0.9610,2.0904
0.144000,309.350153,-241.722717,-67.627436,15.7915,50.008631,0.9538,2.0394
0.144200,315.051045,-227.579495,-87.471550,15.0589,50.037370,0.9507,2.1785
0.144400,319.508574,-212.538120,-106.970454,14.2003,50.036808,0.9620,2.1753
0.144600,322.705149,-196.657954,-126.047195,15.8345,50.031529,0.9532,2.1469
0.144800,324.628154,-180.001669,-144.626485,15.6930,50.002684,0.9620,2.0395
0.145000,325.000000,-162.635000,-162.635000,15.6904,50.038275,0.9543,2.1511
0.145200,325.000000,-144.626485,-180.001669,15.3953,50.008453,0.9571,2.1451
0.145400,322.705149,-126.047195,-196.657954,15.8951,50.043871,0.9503,2.1261
0.145600,319.508574,-106.970454,-212.538120,15.9760,50.027053,0.9568,2.0339
0.145800,315.051045,-87.471550,-227.579495,14.9809,50.042318,0.9559,2.0556
0.146000,309.350153,-67.627436,-241.722717,15.0529,50.004332,0.9528,2.0394
0.146200,302.428398,-47.516427,-254.911971,14.2610,50.000033,0.9610,2.0363
0.146400,294.313095,-27.217892,-267.095203,14.6472,50.034413,0.9610,2.1520
0.146600,285.036274,-6.811941,-278.224333,15.5487,50.001052,0.9570,2.1651
0.146800,274.634544,13.620894,-288.255438,14.7472,50.040631,0.9603,2.1729
0.147000,263.148958,33.999973,-297.148931,14.6035,50.045212,0.9547,2.0182
0.147200,250.624842,54.244870,-304.869713,15.5837,50.006550,0.9519,2.1708
0.147400,237.111625,74.275688,-311.387313,15.9375,50.046112,0.9578,2.0314
0.147600,222.662637,94.013373,-316.676010,14.4465,50.033291,0.9611,2.1417
0.147800,207.334901,113.380030,-320.714931,15.3770,50.028270,0.9521,2.0552
0.148000,191.188909,132.299228,-323.488137,15.8974,50.006113,0.9587,2.1708
0.148200,174.288382,150.696301,-324.984683,14.0648,50.018797,0.9619,2.1737
0.148400,156.700018,168.498645,-325.198663,14.4418,50.028915,0.9611,2.1742
0.148600,138.493230,185.636002,-324.129232,15.4907,50.027146,0.9612,2.0253
0.148800,119.739873,202.040738,-321.780612,15.7706,50.011424,0.9618,2.0302
0.149000,100.513958,217.648112,-318.162070,15.7733,50.004259,0.9585,2.1150
0.149200,80.891360,232.396529,-313.287888,14.1356,50.021438,0.9532,2.0449
0.149400,60.949520,246.227782,-307.177302,14.7719,50.012320,0.9513,2.0002
0.149600,40.767141,259.087286,-299.854427,14.9862,50.035164,0.9616,2.1592
0.149800,20.423872,270.924292,-291.348164,14.9590,50.018178,0.9566,2.0183
0.150000,-0.000000,281.692083,-281.692083,14.3253,50.041474,0.9578,2.1237
0.150200,-20.423872,291.348164,-270.924292,14.6374,50.003538,0.9601,2.0531
0.150400,-40.767141,299.854427,-259.087286,14.7509,50.045680,0.9509,2.0306
0.150600,-60.949520,307.177302,-246.227782,14.1862,50.035135,0.9566,2.1617
0.150800,-80.891360,313.287888,-232.396529,14.0620,50.028513,0.9574,2.0869
0.151000,-100.513958,318.162070,-217.648112,14.3142,50.045237,0.9520,2.1602
0.151200,-119.739873,321.780612,-202.040738,15.3944,50.004860,0.9525,2.0342
0.151400,-138.493230,324.129232,-185.636002,14.5630,50.034658,0.9588,2.0477
0.151600,-156.700018,325.198663,-168.498645,15.6797,50.011402,0.9506,2.1029
0.151800,-174.288382,324.984683,-150.696301,14.5891,50.007372,0.9543,2.0770
0.152000,-191.188909,323.488137,-132.299228,14.0515,50.031777,0.9572,2.0359
0.152200,-207.334901,320.714931,-113.380030,15.6875,50.008200,0.9535,2.0147
0.152400,-222.662637,316.676010,-94.013373,15.3221,50.014801,0.9548,2.0880
0.152600,-237.111625,311.387313,-74.275688,15.7710,50.004375,0.9565,2.0333
0.152800,-250.624842,304.869713,-54.244870,14.9301,50.017731,0.9553,2.0474
0.153000,-263.148958,297.148931,-33.999973,15.5045,50.010860,0.9532,2.0111
0.153200,-274.634544,288.255438,-13.620894,15.0829,50.032038,0.9510,2.0619
0.153400,-285.036274,278.224333,6.811941,15.6816,50.046594,0.9571,2.0996
0.153600,-294.313095,267.095203,27.217892,15.7338,50.039283,0.9550,2.0964
0.153800,-302.428398,254.911971,47.516427,14.1579,50.022792,0.9606,2.0857
0.154000,-309.350153,241.722717,67.627436,15.8009,50.043333,0.9586,2.0904
0.154200,-315.051045,227.579495,87.471550,14.2406,50.038422,0.9581,2.1116
0.154400,-319.508574,212.538120,106.970454,15.9443,50.036345,0.9521,2.1772
0.154600,-322.705149,196.657954,126.047195,15.9766,50.038806,0.9515,2.0762
0.154800,-324.628154,180.001669,144.626485,15.6682,50.020899,0.9620,2.1129
0.155000,-325.270000,162.635000,162.635000,14.1340,50.012379,0.9609,2.1646
0.155200,-324.628154,144.626485,180.001669,14.5524,50.018629,0.9548,2.0587
0.155400,-322.705149,126.047195,196.657954,15.2461,50.021992,0.9605,2.1416
0.155600,-319.508574,106.970454,212.538120,14.2964,50.025083,0.9550,2.0746
0.155800,-315.051045,87.471550,227.579495,15.8499,50.028221,0.9591,2.1691
0.156000,-309.350153,67.627436,241.722717,15.0713,50.027009,0.9512,2.0515
0.156200,-302.428398,47.516427,254.911971,14.9712,50.016506,0.9549,2.0689
0.156400,-294.313095,27.217892,267.095203,14.2877,50.029230,0.9504,2.0496
0.156600,-285.036274,6.811941,278.224333,15.7791,50.029215,0.9583,2.0070
0.156800,-274.634544,-13.620894,288.255438,15.8417,50.015912,0.9529,2.1342
0.157000,-263.148958,-33.999973,297.148931,14.6061,50.043058,0.9502,2.1471
0.157200,-250.624842,-54.244870,304.869713,14.1964,50.013457,0.9559,2.1253
0.157400,-237.111625,-74.275688,311.387313,14.8862,50.041707,0.9516,2.1754
0.157600,-222.662637,-94.013373,316.676010,15.2911,50.039640,0.9532,2.0750
0.157800,-207.334901,-113.380030,320.714931,15.4819,50.009021,0.9525,2.1483
0.158000,-191.188909,-132.299228,323.488137,15.0305,50.036456,0.9604,2.1478
0.158200,-174.288382,-150.696301,324.984683,14.2713,50.007631,0.9537,2.0912
0.158400,-156.700018,-168.498645,325.198663,14.3855,50.040862,0.9606,2.0052
0.158600,-138.493230,-185.636002,324.129232,14.9129,50.039981,0.9600,2.0449
0.158800,-119.739873,-202.040738,321.780612,15.6470,50.044065,0.9585,2.0493
0.159000,-100.513958,-217.648112,318.162070,14.0611,50.024246,0.9576,2.0223
0.159200,-80.891360,-232.396529,313.287888,15.7410,50.017878,0.9571,2.0320
0.159400,-60.949520,-246.227782,307.177302,15.7890,50.028170,0.9542,2.0294
0.159600,-40.767141,-259.087286,299.854427,14.7731,50.035950,0.9583,2.0513
0.159800,-20.423872,-270.924292,291.348164,15.7142,50.007820,0.9569,2.1737
0.160000,-0.000000,-281.692083,281.692083,14.8190,50.031074,0.9581,2.0484
0.160200,20.423872,-291.348164,270.924292,14.0178,50.000963,0.9594,2.1382
0.160400,40.767141,-299.854427,259.087286,14.0169,50.043753,0.9578,2.1082
0.160600,60.949520,-307.177302,246.227782,15.9340,50.012115,0.9597,2.0550
0.160800,80.891360,-313.287888,232.396529,14.6974,50.030852,0.9551,2.0678
0.161000,100.513958,-318.162070,217.648112,15.6486,50.012096,0.9556,2.1219
0.161200,119.739873,-321.780612,202.040738,15.3247,50.019063,0.9512,2.0921
0.161400,138.493230,-324.129232,185.636002,15.2181,50.040478,0.9545,2.1165
0.161600,156.700018,-325.198663,168.498645,15.9767,50.014327,0.9513,2.0115
0.161800,174.288382,-324.984683,150.696301,15.4222,50.030749,0.9603,2.0470
0.162000,191.188909,-323.488137,132.299228,15.5309,50.042834,0.9536,2.0270
0.162200,207.334901,-320.714931,113.380030,15.2001,50.043185,0.9597,2.1444
0.162400,222.662637,-316.676010,94.013373,15.3108,50.031705,0.9582,2.1298
0.162600,237.111625,-311.387313,74.275688,14.7765,50.047879,0.9531,2.0753
0.162800,250.624842,-304.869713,54.244870,14.3798,50.001695,0.9585,2.1030
0.163000,263.148958,-297.148931,33.999973,15.5698,50.034874,0.9527,2.0962
0.163200,274.634544,-288.255438,13.620894,15.6908,50.043513,0.9581,2.0913
0.163400,285.036274,-278.224333,-6.811941,14.1952,50.040351,0.9605,2.0326
0.163600,294.313095,-267.095203,-27.217892,15.5258,50.006141,0.9531,2.1455
0.163800,302.428398,-254.911971,-47.516427,14.1786,50.008787,0.9582,2.0604
0.164000,309.350153,-241.722717,-67.627436,15.5762,50.017054,0.9589,2.0553
0.164200,315.051045,-227.579495,-87.471550,15.7024,50.015903,0.9531,2.0529
0.164400,319.508574,-212.538120,-106.970454,15.8886,50.022586,0.9604,2.1050
0.164600,322.705149,-196.657954,-126.047195,15.7350,50.003418,0.9607,2.0901
0.164800,324.628154,-180.001669,-144.626485,15.7085,50.018320,0.9536,2.0097
0.165000,325.270000,-162.635000,-162.635000,15.1388,50.006594,0.9524,2.0737
0.165200,324.628154,-144.626485,-180.001669,15.4313,50.043518,0.9555,2.0569
0.165400,322.705149,-126.047195,-196.657954,14.3536,50.037389,0.9559,2.1136
0.165600,319.508574,-106.970454,-212.538120,15.5224,50.030456,0.9501,2.0492
0.165800,315.051045,-87.471550,-227.579495,15.5271,50.008093,0.9592,2.0881
0.166000,309.350153,-67.627436,-241.722717,14.8068,50.004226,0.9574,2.1140
0.166200,302.428398,-47.516427,-254.911971,14.3988,50.046336,0.9546,2.0068
0.166400,294.313095,-27.217892,-267.095203,15.6665,50.017909,0.9502,2.0580
0.166600,285.036274,-6.811941,-278.224333,14.4976,50.009148,0.9581,2.1128
0.166800,274.634544,13.620894,-288.255438,14.7671,50.033289,0.9541,2.0232
0.167000,263.148958,33.999973,-297.148931,14.5964,50.028256,0.9520,2.1483
0.167200,250.624842,54.244870,-304.869713,14.6757,50.013960,0.9587,2.1073
0.167400,237.111625,74.275688,-311.387313,15.8028,50.042623,0.9619,2.0617
0.167600,222.662637,94.013373,-316.676010,15.8364,50.017244,0.9523,2.1707
0.167800,207.334901,113.380030,-320.714931,14.2624,50.019363,0.9527,2.1309
0.168000,191.188909,132.299228,-323.488137,14.7332,50.035236,0.9571,2.0304
0.168200,174.288382,150.696301,-324.984683,14.5116,50.031226,0.9504,2.1578
0.168400,156.700018,168.498645,-325.198663,15.3239,50.025667,0.9506,2.1790
0.168600,138.493230,185.636002,-324.129232,14.8336,50.031371,0.9502,2.1242
0.168800,119.739873,202.040738,-321.780612,14.3063,50.018252,0.9566,2.0854
0.169000,100.513958,217.648112,-318.162070,15.3233,50.033369,0.9576,2.0542
0.169200,80.891360,232.396529,-313.287888,14.2743,50.031799,0.9532,2.1090
0.169400,60.949520,246.227782,-307.177302,14.2355,50.039871,0.9513,2.1294
0.169600,40.767141,259.087286,-299.854427,14.3995,50.005473,0.9513,2.0358
0.169800,20.423872,270.924292,-291.348164,15.4069,50.012624,0.9563,2.0363
0.170000,-0.000000,281.692083,-281.692083,14.4154,50.014177,0.9505,2.0893
0.170200,-20.423872,291.348164,-270.924292,15.3433,50.044790,0.9540,2.0005
0.170400,-40.767141,299.854427,-259.087286,14.2983,50.043530,0.9600,2.1204
0.170600,-60.949520,307.177302,-246.227782,14.2026,50.004324,0.9561,2.1302
0.170800,-80.891360,313.287888,-232.396529,14.5920,50.012283,0.9528,2.1780
0.171000,-100.513958,318.162070,-217.648112,14.0789,50.022285,0.9512,2.0314
0.171200,-119.739873,321.780612,-202.040738,15.4771,50.013947,0.9596,2.0563
0.171400,-138.493230,324.129232,-185.636002,15.7040,50.004560,0.9591,2.0083
0.171600,-156.700018,325.198663,-168.498645,14.8754,50.031841,0.9520,2.0644
0.171800,-174.288382,324.984683,-150.696301,15.6299,50.029847,0.9605,2.0167
0.172000,-191.188909,323.488137,-132.299228,14.5437,50.008778,0.9548,2.1732
0.172200,-207.334901,320.714931,-113.380030,15.2977,50.018514,0.9602,2.1440
0.172400,-222.662637,316.676010,-94.013373,14.1173,50.038252,0.9514,2.1253
0.172600,-237.111625,311.387313,-74.275688,15.1815,50.045238,0.9519,2.0749
0.172800,-250.624842,304.869713,-54.244870,14.7595,50.038509,0.9581,2.0326
0.173000,-263.148958,297.148931,-33.999973,15.6771,50.017213,0.9503,2.1232
0.173200,-274.634544,288.255438,-13.620894,14.2259,50.046725,0.9516,2.1657
0.173400,-285.036274,278.224333,6.811941,14.6285,50.019742,0.9506,2.0471
0.173600,-294.313095,267.095203,27.217892,15.1533,50.033819,0.9581,2.1382
0.173800,-302.428398,254.911971,47.516427,14.6766,50.027121,0.9617,2.1206
0.174000,-309.350153,241.722717,67.627436,15.3234,50.025109,0.9584,2.0171
0.174200,-315.051045,227.579495,87.471550,14.7698,50.011932,0.9541,2.1217
0.174400,-319.508574,212.538120,106.970454,14.1091,50.040274,0.9567,2.1778
0.174600,-322.705149,196.657954,126.047195,15.7037,50.030883,0.9519,2.1528
0.174800,-324.628154,180.001669,144.626485,14.4818,50.041732,0.9509,2.0885
0.175000,-325.270000,162.635000,162.635000,15.2866,50.046567,0.9506,2.0401
0.175200,-324.628154,144.626485,180.001669,15.6025,50.019357,0.9528,2.0826
0.175400,-322.705149,126.047195,196.657954,14.2374,50.021509,0.9603,2.0805
0.175600,-319.508574,106.970454,212.538120,14.8247,50.023874,0.9578,2.0185
0.175800,-315.051045,87.471550,227.579495,15.2084,50.026742,0.9500,2.0164
0.176000,-309.350153,67.627436,241.722717,14.4137,50.029715,0.9537,2.0915
0.176200,-302.428398,47.516427,254.911971,14.1086,50.032231,0.9614,2.0654
0.176400,-294.313095,27.217892,267.095203,15.2395,50.010700,0.9555,2.1008
0.176600,-285.036274,6.811941,278.224333,14.2280,50.022710,0.9579,2.1289
0.176800,-274.634544,-13.620894,288.255438,15.6598,50.036447,0.9527,2.0614
0.177000,-263.148958,-33.999973,297.148931,15.4042,50.046293,0.9535,2.0940
0.177200,-250.624842,-54.244870,304.869713,15.4337,50.002197,0.9520,2.0253
0.177400,-237.111625,-74.275688,311.387313,14.3751,50.034635,0.9513,2.1100
0.177600,-222.662637,-94.013373,316.676010,15.5628,50.044650,0.9547,2.0823
0.177800,-207.334901,-113.380030,320.714931,15.8533,50.034406,0.9513,2.0746
0.178000,-191.188909,-132.299228,323.488137,14.9010,50.040198,0.9571,2.1390
0.178200,-174.288382,-150.696301,324.984683,14.9977,50.031606,0.9615,2.0242
0.178400,-156.700018,-168.498645,325.198663,15.6776,50.025457,0.9506,2.1684
0.178600,-138.493230,-185.636002,324.129232,14.3544,50.023181,0.9561,2.1658
0.178800,-119.739873,-202.040738,321.780612,14.7748,50.027771,0.9588,2.0231
0.179000,-100.513958,-217.648112,318.162070,14.7693,50.028826,0.9606,2.0907
0.179200,-80.891360,-232.396529,313.287888,14.5472,50.047016,0.9610,2.1372
0.179400,-60.949520,-246.227782,307.177302,14.2667,50.046252,0.9616,2.0815
0.179600,-40.767141,-259.087286,299.854427,14.5978,50.019812,0.9584,2.1347
0.179800,-20.423872,-270.924292,291.348164,15.8710,50.033672,0.9603,2.1281
0.180000,-0.000000,-281.692083,281.692083,14.5812,50.030364,0.9524,2.1124
0.180200,20.423872,-291.348164,270.924292,15.3002,50.016574,0.9581,2.1766
0.180400,40.767141,-299.854427,259.087286,14.6448,50.046000,0.9560,2.1250
0.180600,60.949520,-307.177302,246.227782,15.1413,50.005539,0.9542,2.0865
0.180800,80.891360,-313.287888,232.396529,15.6828,50.032024,0.9550,2.1346
0.181000,100.513958,-318.162070,217.648112,15.0455,50.013725,0.9602,2.1455
0.181200,119.739873,-321.780612,202.040738,14.3998,50.001213,0.9517,2.1206
0.181400,138.493230,-324.129232,185.636002,14.5011,50.036009,0.9519,2.0516
0.181600,156.700018,-325.198663,168.498645,15.5072,50.040290,0.9583,2.0531
0.181800,174.288382,-324.984683,150.696301,15.7361,50.001551,0.9598,2.0184
0.182000,191.188909,-323.488137,132.299228,15.1225,50.035496,0.9604,2.1336
0.182200,207.334901,-320.714931,113.380030,14.5753,50.011405,0.9594,2.1438
0.182400,222.662637,-316.676010,94.013373,15.9134,50.031896,0.9611,2.0698
0.182600,237.111625,-311.387313,74.275688,14.0259,50.046839,0.9538,2.0994
0.182800,250.624842,-304.869713,54.244870,15.7402,50.012064,0.9574,2.1406
0.183000,263.148958,-297.148931,33.999973,15.2953,50.039839,0.9609,2.1268
0.183200,274.634544,-288.255438,13.620894,15.5523,50.036245,0.9566,2.1086
0.183400,285.036274,-278.224333,-6.811941,15.3653,50.046286,0.9535,2.0319
0.183600,294.313095,-267.095203,-27.217892,14.7544,50.008975,0.9521,2.0925
0.183800,302.428398,-254.911971,-47.516427,15.1680,50.020568,0.9567,2.0234
0.184000,309.350153,-241.722717,-67.627436,14.3096,50.012241,0.9540,2.1277
0.184200,315.051045,-227.579495,-87.471550,15.8648,50.007378,0.9539,2.0092
0.184400,319.508574,-212.538120,-106.970454,15.1454,50.029549,0.9579,2.0883
0.184600,322.705149,-196.657954,-126.047195,14.4399,50.017188,0.9594,2.0572
0.184800,324.628154,-180.001669,-144.626485,14.8319,50.008826,0.9508,2.0909
0.185000,325.270000,-162.635000,-162.635000,14.4267,50.025778,0.9511,2.0398
0.185200,324.628154,-144.626485,-180.001669,15.5053,50.015930,0.9543,2.0393
0.185400,322.705149,-126.047195,-196.657954,15.9623,50.025464,0.9620,2.1483
0.185600,319.508574,-106.970454,-212.538120,15.8090,50.000423,0.9580,2.0802
0.185800,315.051045,-87.471550,-227.579495,15.3651,50.029458,0.9575,2.1726
0.186000,309.350153,-67.627436,-241.722717,14.7718,50.015405,0.9610,2.1701
0.186200,302.428398,-47.516427,-254.911971,15.6442,50.025931,0.9534,2.1640
0.186400,294.313095,-27.217892,-267.095203,14.0877,50.017998,0.9596,2.0802
0.186600,285.036274,-6.811941,-278.224333,15.8964,50.043118,0.9523,2.0925
0.186800,274.634544,13.620894,-288.255438,14.0147,50.008035,0.9615,2.0968
0.187000,263.148958,33.999973,-297.148931,15.7299,50.003143,0.9580,2.1392
0.187200,250.624842,54.244870,-304.869713,15.4055,50.020362,0.9512,2.0968
0.187400,237.111625,74.275688,-311.387313,15.8795,50.046859,0.9593,2.1164
0.187600,222.662637,94.013373,-316.676010,14.6634,50.035851,0.9518,2.0827
0.187800,207.334901,113.380030,-320.714931,15.1162,50.004201,0.9507,2.1430
0.188000,191.188909,132.299228,-323.488137,14.7761,50.027598,0.9527,2.0466
0.188200,174.288382,150.696301,-324.984683,15.3466,50.030250,0.9552,2.0030
0.188400,156.700018,168.498645,-325.198663,15.5119,50.025672,0.9577,2.1113
0.188600,138.493230,185.636002,-324.129232,15.8561,50.028109,0.9584,2.0131
0.188800,119.739873,202.040738,-321.780612,14.1730,50.005095,0.9594,2.0542
0.189000,100.513958,217.648112,-318.162070,15.3214,50.036733,0.9553,2.0711
0.189200,80.891360,232.396529,-313.287888,14.7820,50.022751,0.9564,2.0245
0.189400,60.949520,246.227782,-307.177302,14.2882,50.038279,0.9565,2.1728
0.189600,40.767141,259.087286,-299.854427,15.4586,50.032510,0.9610,2.1431
0.189800,20.423872,270.924292,-291.348164,15.1101,50.017910,0.9614,2.0996
0.190000,-0.000000,281.692083,-281.692083,15.0743,50.005915,0.9501,2.1074
0.190200,-20.423872,291.348164,-270.924292,15.8071,50.045455,0.9537,2.1347
0.190400,-40.767141,299.854427,-259.087286,15.0251,50.016505,0.9550,2.1163
0.190600,-60.949520,307.177302,-246.227782,14.3887,50.007726,0.9526,2.1503
0.190800,-80.891360,313.287888,-232.396529,15.7028,50.008705,0.9596,2.1534
0.191000,-100.513958,318.162070,-217.648112,15.0993,50.044754,0.9619,2.0830
0.191200,-119.739873,321.780612,-202.040738,15.4512,50.013951,0.9508,2.0177
0.191400,-138.493230,324.129232,-185.636002,15.3109,50.023385,0.9540,2.0231
0.191600,-156.700018,325.198663,-168.498645,14.6356,50.004802,0.9574,2.1620
0.191800,-174.288382,324.984683,-150.696301,15.1683,50.021631,0.9574,2.0550
0.192000,-191.188909,323.488137,-132.299228,14.8566,50.027146,0.9544,2.0569
0.192200,-207.334901,320.714931,-113.380030,15.4796,50.000232,0.9530,2.0399
0.192400,-222.662637,316.676010,-94.013373,15.4659,50.020934,0.9601,2.0242
0.192600,-237.111625,311.387313,-74.275688,14.6109,50.042139,0.9556,2.0646
0.192800,-250.624842,304.869713,-54.244870,15.6836,50.026480,0.9521,2.1092
0.193000,-263.148958,297.148931,-33.999973,14.5265,50.041218,0.9517,2.0970
0.193200,-274.634544,288.255438,-13.620894,14.0373,50.042544,0.9509,2.0136
0.193400,-285.036274,278.224333,6.811941,14.8103,50.024345,0.9504,2.1047
0.193600,-294.313095,267.095203,27.217892,15.0869,50.028322,0.9609,2.0993
0.193800,-302.428398,254.911971,47.516427,14.7316,50.047939,0.9557,2.1395
0.194000,-309.350153,241.722717,67.627436,14.5820,50.010719,0.9593,2.1320
0.194200,-315.051045,227.579495,87.471550,15.0043,50.022306,0.9561,2.0714
0.194400,-319.508574,212.538120,106.970454,15.2281,50.031809,0.9602,2.1452
0.194600,-322.705149,196.657954,126.047195,14.3583,50.007960,0.9562,2.0803
0.194800,-324.628154,180.001669,144.626485,15.4718,50.045538,0.9579,2.1742
0.195000,-325.270000,162.635000,162.635000,14.9753,50.023208,0.9543,2.0394
0.195200,-324.628154,144.626485,180.001669,14.4135,50.003017,0.9544,2.0077
0.195400,-322.705149,126.047195,196.657954,14.9093,50.043571,0.9543,2.0845
0.195600,-319.508574,106.970454,212.538120,15.4075,50.002229,0.9618,2.0583
0.195800,-315.051045,87.471550,227.579495,14.5266,50.025026,0.9600,2.1503
0.196000,-309.350153,67.627436,241.722717,14.7306,50.026129,0.9521,2.1177
0.196200,-302.428398,47.516427,254.911971,14.7527,50.031360,0.9600,2.0930
0.196400,-294.313095,27.217892,267.095203,15.7354,50.043548,0.9562,2.0635
0.196600,-285.036274,6.811941,278.224333,15.0037,50.023369,0.9558,2.1088
0.196800,-274.634544,-13.620894,288.255438,15.2870,50.006670,0.9520,2.0139
0.197000,-263.148958,-33.999973,297.148931,15.4346,50.010153,0.9522,2.0652
0.197200,-250.624842,-54.244870,304.869713,15.4405,50.005680,0.9528,2.1460
0.197400,-237.111625,-74.275688,311.387313,14.3225,50.023113,0.9557,2.0379
0.197600,-222.662637,-94.013373,316.676010,15.1470,50.040002,0.9503,2.0078
0.197800,-207.334901,-113.380030,320.714931,15.1445,50.007734,0.9576,2.0071
0.198000,-191.188909,-132.299228,323.488137,15.9165,50.002684,0.9531,2.0324
0.198200,-174.288382,-150.696301,324.984683,15.4391,50.028769,0.9568,2.0034
0.198400,-156.700018,-168.498645,325.198663,14.8984,50.031764,0.9534,2.0154
0.198600,-138.493230,-185.636002,324.129232,15.6607,50.047653,0.9604,2.0307
0.198800,-119.739873,-202.040738,321.780612,14.3638,50.028840,0.9595,2.1477
0.199000,-100.513958,-217.648112,318.162070,14.6853,50.031663,0.9532,2.1304
0.199200,-80.891360,-232.396529,313.287888,14.7709,50.021767,0.9571,2.0414
0.199400,-60.949520,-246.227782,307.177302,15.0087,50.005211,0.9524,2.1547
0.199600,-40.767141,-259.087286,299.854427,14.9517,50.020150,0.9518,2.0173
0.199800,-20.423872,-270.924292,291.348164,15.0067,50.029508,0.9505,2.1411
